"","date_time","western_hub_dalmp_average","yhat","lo95","hi95","lo85","hi85","lo75","hi75","lo65","hi65","day","dalmp.lag","yhat.lag","lo95.lag","hi95.lag","lo85.lag","hi85.lag","lo75.lag","hi75.lag","lo65.lag","hi65.lag","weekend.lmp","weekend.yhat","weekend.lo95","weekend.hi95","weekend.lo85","weekend.hi85","weekend.lo75","weekend.hi75","weekend.lo65","weekend.hi65"
"1",2025-08-10,39.57186,41.883364635396,33.5297290498807,60.106750345346,39.7035751155564,53.5881461274886,39.5330990239243,50.621258233847,43.6457583241849,49.9032837688102,"Sun",NA,NA,NA,NA,NA,NA,NA,NA,NA,NA,NA,NA,NA,NA,NA,NA,NA,NA,NA,NA
"2",2025-08-11,53.809707,63.1935138361902,44.9346268131416,82.9538967888562,46.9336050321904,79.3637542589493,53.4914541776321,68.453398900458,64.1381188976226,62.8191363736282,"Mon",39.57186,41.883364635396,33.5297290498807,60.106750345346,39.7035751155564,53.5881461274886,39.5330990239243,50.621258233847,43.6457583241849,49.9032837688102,NA,NA,NA,NA,NA,NA,NA,NA,NA,NA
"3",2025-08-12,73.07918,70.7545632957003,46.6730218374996,98.7720706354231,49.5323635772681,92.4391476997305,56.8048785694972,81.9229988462945,69.1901239625407,75.16860323681,"Tue",53.809707,63.1935138361902,44.9346268131416,82.9538967888562,46.9336050321904,79.3637542589493,53.4914541776321,68.453398900458,64.1381188976226,62.8191363736282,NA,NA,NA,NA,NA,NA,NA,NA,NA,NA
"4",2025-08-13,65.487699,81.8336643552717,47.98631495619,123.781573271577,48.0322628630749,111.399336039535,59.6979020918161,104.965774134264,68.0984272766218,87.3573534080549,"Wed",73.07918,70.7545632957003,46.6730218374996,98.7720706354231,49.5323635772681,92.4391476997305,56.8048785694972,81.9229988462945,69.1901239625407,75.16860323681,NA,NA,NA,NA,NA,NA,NA,NA,NA,NA
"5",2025-08-14,65.608139,76.8223058810479,44.2111539703818,117.423135827658,45.656791040902,102.196787907406,58.1945598625724,100.197227693071,64.7166035227643,81.5282008128137,"Thu",65.487699,81.8336643552717,47.98631495619,123.781573271577,48.0322628630749,111.399336039535,59.6979020918161,104.965774134264,68.0984272766218,87.3573534080549,NA,NA,NA,NA,NA,NA,NA,NA,NA,NA
"6",2025-08-15,71.75658,74.8910972294227,42.9008626200246,121.322379403275,44.9543099796067,103.070884022018,57.1038266474368,101.656449256496,60.4038407213027,84.9495845822133,"Fri",65.608139,76.8223058810479,44.2111539703818,117.423135827658,45.656791040902,102.196787907406,58.1945598625724,100.197227693071,64.7166035227643,81.5282008128137,NA,NA,NA,NA,NA,NA,NA,NA,NA,NA
"7",2025-08-16,53.173789,59.4011270444917,38.7950953514266,95.517142467106,42.2111301798152,76.0998939462785,48.8242540118567,76.5855091985797,51.9537506656545,64.5209365014579,"Sat",71.75658,74.8910972294227,42.9008626200246,121.322379403275,44.9543099796067,103.070884022018,57.1038266474368,101.656449256496,60.4038407213027,84.9495845822133,NA,NA,NA,NA,NA,NA,NA,NA,NA,NA
"8",2025-08-17,60.09645,73.7120799101044,40.5776082603423,106.120555631041,45.0779881656255,91.2904729760463,50.4630646062836,81.9885819889042,59.9047660873078,67.2043052163427,"Sun",53.173789,59.4011270444917,38.7950953514266,95.517142467106,42.2111301798152,76.0998939462785,48.8242540118567,76.5855091985797,51.9537506656545,64.5209365014579,56.6351195,66.556603477298,39.6863518058845,100.818849049073,43.6445591727204,83.6951834611624,49.6436593090702,79.287045593742,55.9292583764811,65.8626208589003
"9",2025-08-18,50.317549,43.4609141517799,33.9610657966033,68.2461664864756,37.5756982536027,55.3044419188601,39.4448679702155,52.563618664091,42.2514344217873,48.8455437879377,"Mon",60.09645,73.7120799101044,40.5776082603423,106.120555631041,45.0779881656255,91.2904729760463,50.4630646062836,81.9885819889042,59.9047660873078,67.2043052163427,NA,NA,NA,NA,NA,NA,NA,NA,NA,NA
"10",2025-08-19,44.877418,41.5046205785368,32.6846964064806,53.4240327249981,36.8540105938457,50.9309779384088,38.8667725457017,47.2194450102207,40.8667794898466,48.4016439312405,"Tue",50.317549,43.4609141517799,33.9610657966033,68.2461664864756,37.5756982536027,55.3044419188601,39.4448679702155,52.563618664091,42.2514344217873,48.8455437879377,NA,NA,NA,NA,NA,NA,NA,NA,NA,NA
"11",2025-08-20,45.183451,39.5745016715143,32.6786850252152,64.5999017098036,35.4999006739183,54.8887831606963,35.947820877244,51.0268306863861,43.3445297057316,47.2481446754384,"Wed",44.877418,41.5046205785368,32.6846964064806,53.4240327249981,36.8540105938457,50.9309779384088,38.8667725457017,47.2194450102207,40.8667794898466,48.4016439312405,NA,NA,NA,NA,NA,NA,NA,NA,NA,NA
"12",2025-08-21,37.732006,37.1021560485113,29.717124313652,55.3966261257288,35.0814963317856,47.8389018778615,35.0582127827919,46.6334905012667,39.696891507197,45.1262779313335,"Thu",45.183451,39.5745016715143,32.6786850252152,64.5999017098036,35.4999006739183,54.8887831606963,35.947820877244,51.0268306863861,43.3445297057316,47.2481446754384,NA,NA,NA,NA,NA,NA,NA,NA,NA,NA
"13",2025-08-22,34.745627,37.0404314336159,29.8589795845613,55.846256818904,33.5256231399523,48.8486571734322,35.1345589964264,43.9556956234508,37.0198225544402,44.155729422234,"Fri",37.732006,37.1021560485113,29.717124313652,55.3966261257288,35.0814963317856,47.8389018778615,35.0582127827919,46.6334905012667,39.696891507197,45.1262779313335,NA,NA,NA,NA,NA,NA,NA,NA,NA,NA
"14",2025-08-23,29.608715,34.275557622392,24.7145588818609,52.6891957198307,28.4261290327631,41.1546785942809,29.1009592519828,39.6968216253243,32.8933788862332,40.0349823950001,"Sat",34.745627,37.0404314336159,29.8589795845613,55.846256818904,33.5256231399523,48.8486571734322,35.1345589964264,43.9556956234508,37.0198225544402,44.155729422234,NA,NA,NA,NA,NA,NA,NA,NA,NA,NA
"15",2025-08-24,29.74328,31.998389437306,22.9589573816711,46.9471032008047,26.2589168971846,38.6150908282278,25.8732607360556,37.6715805104877,30.7379601216309,39.2334966462721,"Sun",29.608715,34.275557622392,24.7145588818609,52.6891957198307,28.4261290327631,41.1546785942809,29.1009592519828,39.6968216253243,32.8933788862332,40.0349823950001,29.6759975,33.136973529849,23.836758131766,49.8181494603177,27.3425229649739,39.8848847112544,27.4871099940192,38.684201067906,31.815669503932,39.6342395206361
"16",2025-08-25,31.937154,40.9977135338498,29.8875096544506,64.3812192906256,32.9745592401115,53.6306403045683,34.6676787119406,48.2703500289418,38.2198308712829,46.6862844242085,"Mon",29.74328,31.998389437306,22.9589573816711,46.9471032008047,26.2589168971846,38.6150908282278,25.8732607360556,37.6715805104877,30.7379601216309,39.2334966462721,NA,NA,NA,NA,NA,NA,NA,NA,NA,NA
"17",2025-08-26,28.34464,34.2926229008315,28.1171871854296,54.418226853607,29.5788865000281,38.4836746194581,30.2669774788033,40.3462507036317,34.8780075231555,37.7181125289943,"Tue",31.937154,40.9977135338498,29.8875096544506,64.3812192906256,32.9745592401115,53.6306403045683,34.6676787119406,48.2703500289418,38.2198308712829,46.6862844242085,NA,NA,NA,NA,NA,NA,NA,NA,NA,NA
"18",2025-08-27,24.036546,27.2394378090685,23.0386445694505,37.9160034655156,23.9008236151429,31.6174838907503,23.9842776264406,29.6831291291249,26.6245793396742,31.4264221166261,"Wed",28.34464,34.2926229008315,28.1171871854296,54.418226853607,29.5788865000281,38.4836746194581,30.2669774788033,40.3462507036317,34.8780075231555,37.7181125289943,NA,NA,NA,NA,NA,NA,NA,NA,NA,NA
"19",2025-08-28,28.752979,28.5729607567675,23.6575724623295,44.311339669955,24.5427028533217,33.7281620113416,25.8364194897601,31.5848835242933,29.6762833232892,31.615616611122,"Thu",24.036546,27.2394378090685,23.0386445694505,37.9160034655156,23.9008236151429,31.6174838907503,23.9842776264406,29.6831291291249,26.6245793396742,31.4264221166261,NA,NA,NA,NA,NA,NA,NA,NA,NA,NA
"20",2025-08-29,25.520785,28.7349383379874,22.3919788088882,40.8893179044188,25.3511533202534,34.409539657734,26.1851344730634,32.1446338150756,30.226558511238,30.6592138936033,"Fri",28.752979,28.5729607567675,23.6575724623295,44.311339669955,24.5427028533217,33.7281620113416,25.8364194897601,31.5848835242933,29.6762833232892,31.615616611122,NA,NA,NA,NA,NA,NA,NA,NA,NA,NA
"21",2025-08-30,21.985102,21.8655817760243,18.8540237928574,33.6232646739971,19.5043887243612,28.8826860991051,19.9894929302867,24.3810128010601,22.5962493681359,25.1858321036671,"Sat",25.520785,28.7349383379874,22.3919788088882,40.8893179044188,25.3511533202534,34.409539657734,26.1851344730634,32.1446338150756,30.226558511238,30.6592138936033,NA,NA,NA,NA,NA,NA,NA,NA,NA,NA
"22",2025-08-31,22.425832,19.612822135128,18.094353344617,29.4343383865039,17.8970633815414,27.4934608501843,19.2918757385968,23.002391088552,21.1757172304391,24.079072815918,"Sun",21.985102,21.8655817760243,18.8540237928574,33.6232646739971,19.5043887243612,28.8826860991051,19.9894929302867,24.3810128010601,22.5962493681359,25.1858321036671,22.205467,20.7392019555761,18.4741885687372,31.5288015302505,18.7007260529513,28.1880734746447,19.6406843344418,23.691701944806,21.8859832992875,24.6324524597926
"23",2025-09-01,26.525076,23.2388630027353,20.0596234463881,33.0689790061263,20.6168493017044,30.7533524742466,22.3388365504904,26.0349347907394,24.9540492300278,26.0680753529359,"Mon",22.425832,19.612822135128,18.094353344617,29.4343383865039,17.8970633815414,27.4934608501843,19.2918757385968,23.002391088552,21.1757172304391,24.079072815918,NA,NA,NA,NA,NA,NA,NA,NA,NA,NA
"24",2025-09-02,36.658453,30.8408138893144,24.2469205160158,39.6090860338272,27.021163235134,38.2942336241963,30.3700177077396,34.0261771158473,34.0554542237636,35.119328439378,"Tue",26.525076,23.2388630027353,20.0596234463881,33.0689790061263,20.6168493017044,30.7533524742466,22.3388365504904,26.0349347907394,24.9540492300278,26.0680753529359,NA,NA,NA,NA,NA,NA,NA,NA,NA,NA
"25",2025-09-03,31.147927,29.7486214963166,21.8961924745699,38.3965537297641,24.7217603080553,36.5709994235089,27.534743533142,31.8623104237182,32.0730158377038,33.3380910876806,"Wed",36.658453,30.8408138893144,24.2469205160158,39.6090860338272,27.021163235134,38.2942336241963,30.3700177077396,34.0261771158473,34.0554542237636,35.119328439378,NA,NA,NA,NA,NA,NA,NA,NA,NA,NA
"26",2025-09-04,34.458127,26.8934285247774,21.0573040377855,43.0063987542181,23.2653026420267,36.6567379351561,23.5066618571919,33.1452512067668,29.761984396382,32.6502368821097,"Thu",31.147927,29.7486214963166,21.8961924745699,38.3965537297641,24.7217603080553,36.5709994235089,27.534743533142,31.8623104237182,32.0730158377038,33.3380910876806,NA,NA,NA,NA,NA,NA,NA,NA,NA,NA
"27",2025-09-05,44.061733,31.2931846152225,23.6665119314016,56.2093959568801,28.9032132723556,46.1537388480913,26.7409520136958,37.6751221913099,34.0482533165057,36.0169597118645,"Fri",34.458127,26.8934285247774,21.0573040377855,43.0063987542181,23.2653026420267,36.6567379351561,23.5066618571919,33.1452512067668,29.761984396382,32.6502368821097,NA,NA,NA,NA,NA,NA,NA,NA,NA,NA
"28",2025-09-06,45.492716,30.0025987158318,24.5370632122153,45.1705978080711,26.02064472657,36.0377069500349,25.8131702230275,30.2813466463533,32.7331751974982,34.9030571125732,"Sat",44.061733,31.2931846152225,23.6665119314016,56.2093959568801,28.9032132723556,46.1537388480913,26.7409520136958,37.6751221913099,34.0482533165057,36.0169597118645,NA,NA,NA,NA,NA,NA,NA,NA,NA,NA
"29",2025-09-07,25.759555,23.4252612389472,21.2165292828696,37.3855147374456,21.2687212791141,30.8197311370899,22.0116233772784,24.7269291236037,24.7063346003149,28.3425336278783,"Sun",45.492716,30.0025987158318,24.5370632122153,45.1705978080711,26.02064472657,36.0377069500349,25.8131702230275,30.2813466463533,32.7331751974982,34.9030571125732,35.6261355,26.7139299773895,22.8767962475425,41.2780562727583,23.6446830028421,33.4287190435624,23.9123968001529,27.5041378849785,28.7197548989066,31.6227953702257
"30",2025-09-08,32.717229,25.5039439932111,23.6071141184786,41.2093148022212,24.3336414606341,32.4604220098972,24.877710563246,25.0271947491347,28.3192798629222,27.677604136197,"Mon",25.759555,23.4252612389472,21.2165292828696,37.3855147374456,21.2687212791141,30.8197311370899,22.0116233772784,24.7269291236037,24.7063346003149,28.3425336278783,NA,NA,NA,NA,NA,NA,NA,NA,NA,NA
"31",2025-09-09,34.820335,32.1650917567367,24.1748179999183,46.0175777887915,26.0487243161296,38.9186617986806,29.182504253294,31.8865169643027,32.3831926581837,35.4097430835793,"Tue",32.717229,25.5039439932111,23.6071141184786,41.2093148022212,24.3336414606341,32.4604220098972,24.877710563246,25.0271947491347,28.3192798629222,27.677604136197,NA,NA,NA,NA,NA,NA,NA,NA,NA,NA
"32",2025-09-10,43.953893,37.2773857123674,26.8330654749603,45.4797426936418,29.6014386702724,41.4562407361196,32.3234103035733,37.1945627193992,34.7908151090715,41.1694845621752,"Wed",34.820335,32.1650917567367,24.1748179999183,46.0175777887915,26.0487243161296,38.9186617986806,29.182504253294,31.8865169643027,32.3831926581837,35.4097430835793,NA,NA,NA,NA,NA,NA,NA,NA,NA,NA
"33",2025-09-11,39.932163,41.5364140953664,29.8783336363495,49.3181244668508,32.7526390777153,45.8113474127766,33.8581663107485,42.3779050976436,37.1950377485703,44.1531373227099,"Thu",43.953893,37.2773857123674,26.8330654749603,45.4797426936418,29.6014386702724,41.4562407361196,32.3234103035733,37.1945627193992,34.7908151090715,41.1694845621752,NA,NA,NA,NA,NA,NA,NA,NA,NA,NA
"34",2025-09-12,43.290794,38.7245684943924,28.5990649609606,49.6045275632624,33.3926423643643,43.3677099585758,31.1039732741575,40.7717688128097,36.389285314903,43.7100938814211,"Fri",39.932163,41.5364140953664,29.8783336363495,49.3181244668508,32.7526390777153,45.8113474127766,33.8581663107485,42.3779050976436,37.1950377485703,44.1531373227099,NA,NA,NA,NA,NA,NA,NA,NA,NA,NA
"35",2025-09-13,33.827301,35.0352622990776,26.5983328794154,42.6743638504916,28.5600668075878,40.177338820046,28.2592208679897,37.0452773582019,32.7521770220229,40.0748679117969,"Sat",43.290794,38.7245684943924,28.5990649609606,49.6045275632624,33.3926423643643,43.3677099585758,31.1039732741575,40.7717688128097,36.389285314903,43.7100938814211,NA,NA,NA,NA,NA,NA,NA,NA,NA,NA
"36",2025-09-14,38.456611,36.0757885092394,27.9369283336677,46.8812464504623,31.2823861343623,43.7306849680878,30.6973813505978,39.3844116420398,35.2833461172996,41.9651808471195,"Sun",33.827301,35.0352622990776,26.5983328794154,42.6743638504916,28.5600668075878,40.177338820046,28.2592208679897,37.0452773582019,32.7521770220229,40.0748679117969,36.141956,35.5555254041585,27.2676306065415,44.777805150477,29.9212264709751,41.9540118940669,29.4783011092937,38.2148445001209,34.0177615696613,41.0200243794582
"37",2025-09-15,56.041714,52.1665831261137,42.1152403518828,64.6267968140812,44.323478644205,60.0047113599397,47.3133982829727,54.359943340768,46.4676753445084,54.064322982716,"Mon",38.456611,36.0757885092394,27.9369283336677,46.8812464504623,31.2823861343623,43.7306849680878,30.6973813505978,39.3844116420398,35.2833461172996,41.9651808471195,NA,NA,NA,NA,NA,NA,NA,NA,NA,NA
"38",2025-09-16,48.686894,45.8287202719461,39.3254069837882,60.4616942399288,39.8191686097123,48.8071809436346,41.0782776559708,49.1557645759937,43.1340330140687,50.5584498470136,"Tue",56.041714,52.1665831261137,42.1152403518828,64.6267968140812,44.323478644205,60.0047113599397,47.3133982829727,54.359943340768,46.4676753445084,54.064322982716,NA,NA,NA,NA,NA,NA,NA,NA,NA,NA
"39",2025-09-17,47.890037,44.683887846034,35.9813811214639,59.100738174929,37.861552654976,48.8310131552553,39.8614261863025,48.9343892875166,41.3348334934106,51.0613595558879,"Wed",48.686894,45.8287202719461,39.3254069837882,60.4616942399288,39.8191686097123,48.8071809436346,41.0782776559708,49.1557645759937,43.1340330140687,50.5584498470136,NA,NA,NA,NA,NA,NA,NA,NA,NA,NA
"40",2025-09-18,54.016736,51.3732291958159,38.6088546745189,61.6810249179349,42.7112649961819,51.6213598804524,45.9393071938948,54.2925767506187,46.5778817351811,54.5399849300813,"Thu",47.890037,44.683887846034,35.9813811214639,59.100738174929,37.861552654976,48.8310131552553,39.8614261863025,48.9343892875166,41.3348334934106,51.0613595558879,NA,NA,NA,NA,NA,NA,NA,NA,NA,NA
"41",2025-09-19,62.942111,57.1498474984428,42.9347365397823,76.3089052624655,47.0763354744206,62.5036457957879,50.957064396109,59.9344324814016,52.8487189651775,58.3942595355218,"Fri",54.016736,51.3732291958159,38.6088546745189,61.6810249179349,42.7112649961819,51.6213598804524,45.9393071938948,54.2925767506187,46.5778817351811,54.5399849300813,NA,NA,NA,NA,NA,NA,NA,NA,NA,NA
"42",2025-09-20,47.847685,43.4386044273191,34.4576469165902,54.5288431141226,35.429590585249,45.2944321326452,35.3295559066715,46.9155517516846,38.8068180427968,48.1130226997418,"Sat",62.942111,57.1498474984428,42.9347365397823,76.3089052624655,47.0763354744206,62.5036457957879,50.957064396109,59.9344324814016,52.8487189651775,58.3942595355218,NA,NA,NA,NA,NA,NA,NA,NA,NA,NA
"43",2025-09-21,44.134621,42.3201877601493,32.4575472412654,53.3833716168334,33.0572455827518,44.537930978586,34.250031591378,43.1350260232393,36.3689386163437,46.813028073203,"Sun",47.847685,43.4386044273191,34.4576469165902,54.5288431141226,35.429590585249,45.2944321326452,35.3295559066715,46.9155517516846,38.8068180427968,48.1130226997418,45.991153,42.8793960937342,33.4575970789278,53.956107365478,34.2434180840004,44.9161815556156,34.7897937490247,45.025288887462,37.5878783295703,47.4630253864724
"44",2025-09-22,62.1199,56.1879553067446,42.0571763760612,76.7085371104717,42.7549748504695,60.9265255614949,47.2986266606084,57.8360185120576,47.711700989732,56.978944159634,"Mon",44.134621,42.3201877601493,32.4575472412654,53.3833716168334,33.0572455827518,44.537930978586,34.250031591378,43.1350260232393,36.3689386163437,46.813028073203,NA,NA,NA,NA,NA,NA,NA,NA,NA,NA
"45",2025-09-23,78.892061,63.3648387644519,46.5471556235555,100.699906995333,47.1412051818734,83.6595013424313,52.0757879984985,79.1165268192595,53.8125359845535,70.3292429151016,"Tue",62.1199,56.1879553067446,42.0571763760612,76.7085371104717,42.7549748504695,60.9265255614949,47.2986266606084,57.8360185120576,47.711700989732,56.978944159634,NA,NA,NA,NA,NA,NA,NA,NA,NA,NA
"46",2025-09-24,53.922391,67.5748472801684,47.7338617494454,114.093124505023,49.2810567971214,91.9445003164636,54.1166962282072,93.0241497581979,54.6223887645767,78.1540711576552,"Wed",78.892061,63.3648387644519,46.5471556235555,100.699906995333,47.1412051818734,83.6595013424313,52.0757879984985,79.1165268192595,53.8125359845535,70.3292429151016,NA,NA,NA,NA,NA,NA,NA,NA,NA,NA
"47",2025-09-25,74.307132,65.5837293225868,45.6407068147649,99.3445605063644,46.8972079407071,80.1960030595327,48.9930185248562,81.584584865783,53.007239812546,69.2368731992328,"Thu",53.922391,67.5748472801684,47.7338617494454,114.093124505023,49.2810567971214,91.9445003164636,54.1166962282072,93.0241497581979,54.6223887645767,78.1540711576552,NA,NA,NA,NA,NA,NA,NA,NA,NA,NA
"48",2025-09-26,67.022518,59.3195001048271,43.5206294345924,86.1769826499755,45.442481429207,66.4630724536222,47.7469243568115,70.9715907399979,48.0395637804039,64.2424603848853,"Fri",74.307132,65.5837293225868,45.6407068147649,99.3445605063644,46.8972079407071,80.1960030595327,48.9930185248562,81.584584865783,53.007239812546,69.2368731992328,NA,NA,NA,NA,NA,NA,NA,NA,NA,NA
"49",2025-09-27,53.07869,48.0714368677995,37.4597003907213,60.3033599818272,38.8160888023802,48.0172514177694,40.8284185394608,50.296960608957,40.6180067721026,50.8548861343424,"Sat",67.022518,59.3195001048271,43.5206294345924,86.1769826499755,45.442481429207,66.4630724536222,47.7469243568115,70.9715907399979,48.0395637804039,64.2424603848853,NA,NA,NA,NA,NA,NA,NA,NA,NA,NA
"50",2025-09-28,50.081123,57.1977186177102,39.3322538135081,73.0082718045051,41.0861966037325,58.243568917551,46.0886890609184,60.4994603396362,46.2468346678397,59.6274121916432,"Sun",53.07869,48.0714368677995,37.4597003907213,60.3033599818272,38.8160888023802,48.0172514177694,40.8284185394608,50.296960608957,40.6180067721026,50.8548861343424,51.5799065,52.6345777427549,38.3959771021147,66.6558158931661,39.9511427030564,53.1304101676602,43.4585538001896,55.3982104742966,43.4324207199712,55.2411491629928
"51",2025-09-29,70.530364,69.1808600455016,51.284123758308,91.8822724834988,50.8631647611414,79.2930320589894,57.4547375729628,75.1565905924363,54.8818806282786,71.5189489140265,"Mon",50.081123,57.1977186177102,39.3322538135081,73.0082718045051,41.0861966037325,58.243568917551,46.0886890609184,60.4994603396362,46.2468346678397,59.6274121916432,NA,NA,NA,NA,NA,NA,NA,NA,NA,NA
"52",2025-09-30,75.553251,60.4056129422023,47.8252748152726,79.7245702668446,49.3345392336267,58.6407689466371,52.7898139972907,59.3156698570039,53.2940033029978,57.7405216354944,"Tue",70.530364,69.1808600455016,51.284123758308,91.8822724834988,50.8631647611414,79.2930320589894,57.4547375729628,75.1565905924363,54.8818806282786,71.5189489140265,NA,NA,NA,NA,NA,NA,NA,NA,NA,NA
"53",2025-10-01,48.352076,46.6519781875038,37.3428729042584,64.1221407098506,39.9968251800241,51.4592829195289,39.3431160360323,52.8658471922255,42.5390421618643,50.9819085498388,"Wed",75.553251,60.4056129422023,47.8252748152726,79.7245702668446,49.3345392336267,58.6407689466371,52.7898139972907,59.3156698570039,53.2940033029978,57.7405216354944,NA,NA,NA,NA,NA,NA,NA,NA,NA,NA
"54",2025-10-02,53.352362,46.4001667914035,37.8362603758409,61.040319942916,39.5489607761894,48.7424261242958,41.8743124572247,50.7996717887413,43.2803003077196,51.7688971894968,"Thu",48.352076,46.6519781875038,37.3428729042584,64.1221407098506,39.9968251800241,51.4592829195289,39.3431160360323,52.8658471922255,42.5390421618643,50.9819085498388,NA,NA,NA,NA,NA,NA,NA,NA,NA,NA
"55",2025-10-03,57.178194,50.7478295425661,38.7542500490543,57.9226124530679,41.640476148338,47.0035702326621,43.5704441163842,51.324760838389,44.8490279330942,52.1701645489588,"Fri",53.352362,46.4001667914035,37.8362603758409,61.040319942916,39.5489607761894,48.7424261242958,41.8743124572247,50.7996717887413,43.2803003077196,51.7688971894968,NA,NA,NA,NA,NA,NA,NA,NA,NA,NA
"56",2025-10-04,50.375236,49.8270756054483,37.2724737743046,59.5245668576705,37.5965762483711,46.2317746607224,41.1422485228633,49.6073118375378,41.1783686478096,51.8484013406207,"Sat",57.178194,50.7478295425661,38.7542500490543,57.9226124530679,41.640476148338,47.0035702326621,43.5704441163842,51.324760838389,44.8490279330942,52.1701645489588,NA,NA,NA,NA,NA,NA,NA,NA,NA,NA
"57",2025-10-05,52.462807,49.959286200007,36.5716177437494,57.3673635123521,37.9738497998088,46.9646841151438,39.4704742287998,50.8379598118307,41.1333790617044,51.6728890569107,"Sun",50.375236,49.8270756054483,37.2724737743046,59.5245668576705,37.5965762483711,46.2317746607224,41.1422485228633,49.6073118375378,41.1783686478096,51.8484013406207,51.4190215,49.8931809027277,36.922045759027,58.4459651850113,37.78521302409,46.5982293879331,40.3063613758315,50.2226358246843,41.155873854757,51.7606451987657
"58",2025-10-06,100.008048,67.4429407648801,44.0174393398888,78.5032355410125,47.8409052939103,64.3101398905515,52.9951490752684,66.0241992990123,53.0921482215425,63.1427045696627,"Mon",52.462807,49.959286200007,36.5716177437494,57.3673635123521,37.9738497998088,46.9646841151438,39.4704742287998,50.8379598118307,41.1333790617044,51.6728890569107,NA,NA,NA,NA,NA,NA,NA,NA,NA,NA
"59",2025-10-07,73.481146,77.5354286724335,48.5785863964819,110.413315843817,50.3776635757462,84.5962070771776,56.2372197390135,90.7316692130884,59.6569697657929,78.3068926694746,"Tue",100.008048,67.4429407648801,44.0174393398888,78.5032355410125,47.8409052939103,64.3101398905515,52.9951490752684,66.0241992990123,53.0921482215425,63.1427045696627,NA,NA,NA,NA,NA,NA,NA,NA,NA,NA
"60",2025-10-08,48.612934,58.5321015393795,43.9573072376066,80.1619698373376,45.5239447831971,59.1937953523621,48.4295473257956,70.485735163556,50.3330797135543,58.8650710612616,"Wed",73.481146,77.5354286724335,48.5785863964819,110.413315843817,50.3776635757462,84.5962070771776,56.2372197390135,90.7316692130884,59.6569697657929,78.3068926694746,NA,NA,NA,NA,NA,NA,NA,NA,NA,NA
"61",2025-10-09,48.995745,53.2658723024007,37.3739902523023,62.0092114962686,39.7191535384989,51.7253727581371,44.1595688276084,54.5219581798177,43.3151257396161,55.6593071963269,"Thu",48.612934,58.5321015393795,43.9573072376066,80.1619698373376,45.5239447831971,59.1937953523621,48.4295473257956,70.485735163556,50.3330797135543,58.8650710612616,NA,NA,NA,NA,NA,NA,NA,NA,NA,NA
"62",2025-10-10,42.104354,51.6177176662771,36.5960723332258,61.9335485011647,38.6185130909338,50.0246270224442,42.5614391219557,52.1784938811805,43.7962141607986,54.3848579808238,"Fri",48.995745,53.2658723024007,37.3739902523023,62.0092114962686,39.7191535384989,51.7253727581371,44.1595688276084,54.5219581798177,43.3151257396161,55.6593071963269,NA,NA,NA,NA,NA,NA,NA,NA,NA,NA
"63",2025-10-11,51.631474,50.6330396428008,36.5083570589518,60.4642284431254,38.6218088384,50.3445026692075,41.262029211837,50.5697137594203,42.994003232699,52.8740770512384,"Sat",42.104354,51.6177176662771,36.5960723332258,61.9335485011647,38.6185130909338,50.0246270224442,42.5614391219557,52.1784938811805,43.7962141607986,54.3848579808238,NA,NA,NA,NA,NA,NA,NA,NA,NA,NA
"64",2025-10-12,57.354122,52.0477585498481,36.6799052800866,63.194704186746,39.811817578008,51.9560675409566,41.8297122936298,53.0771513611239,44.6324089395046,54.2467279669888,"Sun",51.631474,50.6330396428008,36.5083570589518,60.4642284431254,38.6218088384,50.3445026692075,41.262029211837,50.5697137594203,42.994003232699,52.8740770512384,54.492798,51.3403990963244,36.5941311695192,61.8294663149357,39.216813208204,51.1502851050821,41.5458707527334,51.8234325602721,43.8132060861018,53.5604025091136
"65",2025-10-13,66.284988,65.5608678154524,41.9769739818772,78.2229621547426,45.9559361867546,63.9676766112774,48.9639207005956,65.8589465867007,49.5340308679322,64.7837787713415,"Mon",57.354122,52.0477585498481,36.6799052800866,63.194704186746,39.811817578008,51.9560675409566,41.8297122936298,53.0771513611239,44.6324089395046,54.2467279669888,NA,NA,NA,NA,NA,NA,NA,NA,NA,NA
"66",2025-10-14,57.437407,57.7830421362894,43.0629224322948,77.6588768719181,46.0229731647863,54.6558005455591,48.7900547317113,58.4359844274196,51.3089980081312,59.7047814222333,"Tue",66.284988,65.5608678154524,41.9769739818772,78.2229621547426,45.9559361867546,63.9676766112774,48.9639207005956,65.8589465867007,49.5340308679322,64.7837787713415,NA,NA,NA,NA,NA,NA,NA,NA,NA,NA
"67",2025-10-15,52.995767,55.4176201818744,41.044171746458,72.0716107662068,42.8803059577402,52.6267919326883,46.4321440029539,59.1638106838067,48.4766555379734,57.130427784774,"Wed",57.437407,57.7830421362894,43.0629224322948,77.6588768719181,46.0229731647863,54.6558005455591,48.7900547317113,58.4359844274196,51.3089980081312,59.7047814222333,NA,NA,NA,NA,NA,NA,NA,NA,NA,NA
"68",2025-10-16,45.916855,51.7815331390987,38.1238784662207,64.3904291707331,40.1370298249171,49.5842236631618,44.0272706487853,53.3391750065886,45.3898876638907,54.1898909907022,"Thu",52.995767,55.4176201818744,41.044171746458,72.0716107662068,42.8803059577402,52.6267919326883,46.4321440029539,59.1638106838067,48.4766555379734,57.130427784774,NA,NA,NA,NA,NA,NA,NA,NA,NA,NA
"69",2025-10-17,48.15453,47.4083118884726,34.929997210435,59.5069929201215,36.4782669720912,46.8673755582881,39.5381277165759,48.6391165639386,41.5103021388224,51.1423536150206,"Fri",45.916855,51.7815331390987,38.1238784662207,64.3904291707331,40.1370298249171,49.5842236631618,44.0272706487853,53.3391750065886,45.3898876638907,54.1898909907022,NA,NA,NA,NA,NA,NA,NA,NA,NA,NA
"70",2025-10-18,47.208977,44.9627341959862,34.4244421138101,59.4659386728823,35.3134459134027,46.1013822264176,37.9889638962989,47.1114678071286,40.1319705314224,49.6023558137713,"Sat",48.15453,47.4083118884726,34.929997210435,59.5069929201215,36.4782669720912,46.8673755582881,39.5381277165759,48.6391165639386,41.5103021388224,51.1423536150206,NA,NA,NA,NA,NA,NA,NA,NA,NA,NA
"71",2025-10-19,42.718437,46.7356087551339,33.5373839699642,60.4381705954265,34.781186076555,46.4541385424627,35.9600715562201,47.5816330517903,40.4749663189078,52.5826127513372,"Sun",47.208977,44.9627341959862,34.4244421138101,59.4659386728823,35.3134459134027,46.1013822264176,37.9889638962989,47.1114678071286,40.1319705314224,49.6023558137713,44.963707,45.8491714755601,33.9809130418871,59.9520546341544,35.0473159949789,46.2777603844401,36.9745177262595,47.3465504294594,40.3034684251651,51.0924842825543
"72",2025-10-20,53.293768,47.8735634114227,35.5274096239597,60.921629853143,38.2519259876203,49.7818875716658,39.4749706727511,53.6701177918223,41.1474070375094,55.8009242551065,"Mon",42.718437,46.7356087551339,33.5373839699642,60.4381705954265,34.781186076555,46.4541385424627,35.9600715562201,47.5816330517903,40.4749663189078,52.5826127513372,NA,NA,NA,NA,NA,NA,NA,NA,NA,NA
"73",2025-10-21,50.801009,43.4187290556921,34.6715342788048,55.3514714137529,35.7980061622457,45.0435818297021,37.9280132980192,46.4116524798736,41.0728085427885,51.8293946541665,"Tue",53.293768,47.8735634114227,35.5274096239597,60.921629853143,38.2519259876203,49.7818875716658,39.4749706727511,53.6701177918223,41.1474070375094,55.8009242551065,NA,NA,NA,NA,NA,NA,NA,NA,NA,NA
"74",2025-10-22,51.561821,49.1761215345858,37.2067384313556,58.3089507841057,39.0767490705759,48.4339628395538,41.142754809293,51.669663777607,44.0062835726638,53.6309562745036,"Wed",50.801009,43.4187290556921,34.6715342788048,55.3514714137529,35.7980061622457,45.0435818297021,37.9280132980192,46.4116524798736,41.0728085427885,51.8293946541665,NA,NA,NA,NA,NA,NA,NA,NA,NA,NA
"75",2025-10-23,69.604264,51.9536858408243,39.8717295125119,62.4612804514579,41.6467527863343,50.6293692667613,44.1849121245349,55.3272370729684,46.9353782396921,56.1993670992836,"Thu",51.561821,49.1761215345858,37.2067384313556,58.3089507841057,39.0767490705759,48.4339628395538,41.142754809293,51.669663777607,44.0062835726638,53.6309562745036,NA,NA,NA,NA,NA,NA,NA,NA,NA,NA
"76",2025-10-24,63.774592,54.9568441319233,42.230293311584,67.5216043175234,45.2150532491447,51.6378142822328,48.3153579455418,59.4039156411184,48.5740016899671,59.1752052891766,"Fri",69.604264,51.9536858408243,39.8717295125119,62.4612804514579,41.6467527863343,50.6293692667613,44.1849121245349,55.3272370729684,46.9353782396921,56.1993670992836,NA,NA,NA,NA,NA,NA,NA,NA,NA,NA
"77",2025-10-25,60.575456,52.828791025152,39.9296658312071,67.7888585038574,41.1101883727737,50.4424413779484,43.9780591416303,55.0178339152655,46.1390696955765,57.0442244542982,"Sat",63.774592,54.9568441319233,42.230293311584,67.5216043175234,45.2150532491447,51.6378142822328,48.3153579455418,59.4039156411184,48.5740016899671,59.1752052891766,NA,NA,NA,NA,NA,NA,NA,NA,NA,NA
"78",2025-10-26,54.826752,53.9479546476258,38.5739689649554,71.9159181148043,39.9818666973102,52.1166287078613,44.1379061899714,56.957903454538,47.1074117670621,57.1955994945511,"Sun",60.575456,52.828791025152,39.9296658312071,67.7888585038574,41.1101883727737,50.4424413779484,43.9780591416303,55.0178339152655,46.1390696955765,57.0442244542982,57.701104,53.3883728363889,39.2518173980813,69.8523883093308,40.546027535042,51.2795350429048,44.0579826658009,55.9878686849017,46.6232407313193,57.1199119744246
"79",2025-10-27,64.568733,63.9434111136011,43.2031191387436,78.7368566501713,48.0174238521723,60.4808274217576,52.239721927971,67.8084520935043,55.9425675983081,66.8329889023641,"Mon",54.826752,53.9479546476258,38.5739689649554,71.9159181148043,39.9818666973102,52.1166287078613,44.1379061899714,56.957903454538,47.1074117670621,57.1955994945511,NA,NA,NA,NA,NA,NA,NA,NA,NA,NA
"80",2025-10-28,65.268946,63.320417061439,45.1557477354312,81.8962586872978,49.1376128984819,61.7180091575066,52.2003793063328,68.76755679773,56.5468820405349,67.5023827185791,"Tue",64.568733,63.9434111136011,43.2031191387436,78.7368566501713,48.0174238521723,60.4808274217576,52.239721927971,67.8084520935043,55.9425675983081,66.8329889023641,NA,NA,NA,NA,NA,NA,NA,NA,NA,NA
"81",2025-10-29,63.01287,60.763015822739,44.5197145288125,76.9074401453063,47.3665888207238,58.0892515602684,49.8493161467637,64.3859865757743,53.0036308095502,62.9699554958657,"Wed",65.268946,63.320417061439,45.1557477354312,81.8962586872978,49.1376128984819,61.7180091575066,52.2003793063328,68.76755679773,56.5468820405349,67.5023827185791,NA,NA,NA,NA,NA,NA,NA,NA,NA,NA
"82",2025-10-30,70.595655,61.0211193401855,44.7309260852569,76.850038200207,47.0642778791664,56.986024427713,51.079039035896,64.0701729574772,49.7824646885949,62.0516188839012,"Thu",63.01287,60.763015822739,44.5197145288125,76.9074401453063,47.3665888207238,58.0892515602684,49.8493161467637,64.3859865757743,53.0036308095502,62.9699554958657,NA,NA,NA,NA,NA,NA,NA,NA,NA,NA
"83",2025-10-31,47.943861,54.20570439819,42.8427845963804,70.714192227174,44.3599781574225,52.5127756791332,47.3764845705381,58.5919334613892,47.1928333318743,58.693254884857,"Fri",70.595655,61.0211193401855,44.7309260852569,76.850038200207,47.0642778791664,56.986024427713,51.079039035896,64.0701729574772,49.7824646885949,62.0516188839012,NA,NA,NA,NA,NA,NA,NA,NA,NA,NA
"84",2025-11-01,55.548168,50.8693633604443,38.92128991934,61.973924579932,39.741979948101,48.7420547418355,42.2111504958034,52.8257758391107,44.2905362416993,54.3459804473859,"Sat",47.943861,54.20570439819,42.8427845963804,70.714192227174,44.3599781574225,52.5127756791332,47.3764845705381,58.5919334613892,47.1928333318743,58.693254884857,NA,NA,NA,NA,NA,NA,NA,NA,NA,NA
"85",2025-11-02,53.432892,56.2820087102904,40.1762428103223,66.2493211823993,43.5869290914191,50.384693445425,46.8479806246303,54.3149089480293,49.3286448751991,56.9494631996151,"Sun",55.548168,50.8693633604443,38.92128991934,61.973924579932,39.741979948101,48.7420547418355,42.2111504958034,52.8257758391107,44.2905362416993,54.3459804473859,54.49053,53.5756860353674,39.5487663648311,64.1116228811656,41.6644545197601,49.5633740936303,44.5295655602168,53.57034239357,46.8095905584492,55.6477218235005
"86",2025-11-03,58.931801,69.830026762847,46.8199904850743,81.6475631811424,50.3030082847329,63.2495437345646,55.910817250155,68.2678746062324,58.8777987173868,70.1552566751432,"Mon",53.432892,56.2820087102904,40.1762428103223,66.2493211823993,43.5869290914191,50.384693445425,46.8479806246303,54.3149089480293,49.3286448751991,56.9494631996151,NA,NA,NA,NA,NA,NA,NA,NA,NA,NA
"87",2025-11-04,50.635496,60.5454388069557,43.826753732208,75.3850753264785,47.4869847097799,58.4398602058643,50.9147740081378,62.2650125251837,54.1235749616685,64.1256202187112,"Tue",58.931801,69.830026762847,46.8199904850743,81.6475631811424,50.3030082847329,63.2495437345646,55.910817250155,68.2678746062324,58.8777987173868,70.1552566751432,NA,NA,NA,NA,NA,NA,NA,NA,NA,NA
"88",2025-11-05,48.979908,56.2317749174211,41.07966873893,69.3735836540032,43.8769609965704,54.2474679109814,45.6298192704016,58.0957542625962,46.8168023467985,59.4224945574685,"Wed",50.635496,60.5454388069557,43.826753732208,75.3850753264785,47.4869847097799,58.4398602058643,50.9147740081378,62.2650125251837,54.1235749616685,64.1256202187112,NA,NA,NA,NA,NA,NA,NA,NA,NA,NA
"89",2025-11-06,59.392988,61.8202455568166,42.6557541538247,75.0234506223403,45.9219090497919,59.33723110885,49.1518992378803,65.1422265473969,49.3197405849573,64.5995203428538,"Thu",48.979908,56.2317749174211,41.07966873893,69.3735836540032,43.8769609965704,54.2474679109814,45.6298192704016,58.0957542625962,46.8168023467985,59.4224945574685,NA,NA,NA,NA,NA,NA,NA,NA,NA,NA
"90",2025-11-07,52.115158,55.7831439742419,42.0430953685656,68.0700828233897,44.243512490704,54.6312858638395,46.5389617117965,59.8338110625345,49.1523174215969,58.6477189497376,"Fri",59.392988,61.8202455568166,42.6557541538247,75.0234506223403,45.9219090497919,59.33723110885,49.1518992378803,65.1422265473969,49.3197405849573,64.5995203428538,NA,NA,NA,NA,NA,NA,NA,NA,NA,NA
"91",2025-11-08,57.341504,53.319673594188,41.4263210878975,63.5284840691528,42.1401313174503,50.3868103319664,43.7294984388596,54.781162001575,45.9155527116405,56.110402134084,"Sat",52.115158,55.7831439742419,42.0430953685656,68.0700828233897,44.243512490704,54.6312858638395,46.5389617117965,59.8338110625345,49.1523174215969,58.6477189497376,NA,NA,NA,NA,NA,NA,NA,NA,NA,NA
"92",2025-11-09,54.08881,51.9706861258443,39.760898863673,64.3296368254522,42.6713899389818,47.4584806807374,44.2675472833448,53.0707056837759,45.7308759589,55.5854925030616,"Sun",57.341504,53.319673594188,41.4263210878975,63.5284840691528,42.1401313174503,50.3868103319664,43.7294984388596,54.781162001575,45.9155527116405,56.110402134084,55.715157,52.6451798600161,40.5936099757853,63.9290604473025,42.405760628216,48.9226455063519,43.9985228611022,53.9259338426755,45.8232143352703,55.8479473185728
"93",2025-11-10,82.604113,78.1824149865712,52.8970301867171,91.7770457971965,55.371982761095,80.4438479374265,61.0181463462645,81.9001047829916,62.1476807506556,82.8027860527431,"Mon",54.08881,51.9706861258443,39.760898863673,64.3296368254522,42.6713899389818,47.4584806807374,44.2675472833448,53.0707056837759,45.7308759589,55.5854925030616,NA,NA,NA,NA,NA,NA,NA,NA,NA,NA
"94",2025-11-11,91.389972,75.1938091955989,52.6759185221447,104.725524819091,55.3499260847587,80.2648166346366,57.4185609598594,88.0598975686614,61.9217644960892,84.2027165764312,"Tue",82.604113,78.1824149865712,52.8970301867171,91.7770457971965,55.371982761095,80.4438479374265,61.0181463462645,81.9001047829916,62.1476807506556,82.8027860527431,NA,NA,NA,NA,NA,NA,NA,NA,NA,NA
"95",2025-11-12,57.111444,62.0161400368804,47.2256339062071,89.0982296995107,51.4301867647904,61.1839553352248,54.5618774257058,75.5366365551415,56.1178084725859,66.0017267761708,"Wed",91.389972,75.1938091955989,52.6759185221447,104.725524819091,55.3499260847587,80.2648166346366,57.4185609598594,88.0598975686614,61.9217644960892,84.2027165764312,NA,NA,NA,NA,NA,NA,NA,NA,NA,NA
"96",2025-11-13,57.351076,57.4672938901765,45.0509077895277,74.4076939985843,46.1859479983966,56.649340851978,52.176278598736,65.2264189737426,51.1788671609572,60.2582854680822,"Thu",57.111444,62.0161400368804,47.2256339062071,89.0982296995107,51.4301867647904,61.1839553352248,54.5618774257058,75.5366365551415,56.1178084725859,66.0017267761708,NA,NA,NA,NA,NA,NA,NA,NA,NA,NA
"97",2025-11-14,58.832854,56.1526525459147,43.7935708221885,71.8108384628465,47.5390996881207,55.8267773333583,49.7572799228775,61.4550895010207,51.9831145314227,61.5071420043173,"Fri",57.351076,57.4672938901765,45.0509077895277,74.4076939985843,46.1859479983966,56.649340851978,52.176278598736,65.2264189737426,51.1788671609572,60.2582854680822,NA,NA,NA,NA,NA,NA,NA,NA,NA,NA
"98",2025-11-15,44.959554,44.574144067979,37.0775047880979,59.49005680975,38.0036252184012,46.0110678859996,38.5470925237219,46.5406053842492,41.8875737035306,47.9524615674272,"Sat",58.832854,56.1526525459147,43.7935708221885,71.8108384628465,47.5390996881207,55.8267773333583,49.7572799228775,61.4550895010207,51.9831145314227,61.5071420043173,NA,NA,NA,NA,NA,NA,NA,NA,NA,NA
"99",2025-11-16,42.419772,48.715327710819,36.7133979919563,64.1646734877386,40.3075065755177,51.1700398063977,42.0556312066534,54.9540211973934,43.7398755355105,58.7399512618242,"Sun",44.959554,44.574144067979,37.0775047880979,59.49005680975,38.0036252184012,46.0110678859996,38.5470925237219,46.5406053842492,41.8875737035306,47.9524615674272,43.689663,46.644735889399,36.8954513900271,61.8273651487443,39.1555658969594,48.5905538461987,40.3013618651877,50.7473132908213,42.8137246195206,53.3462064146257
"100",2025-11-17,55.957464,64.8512100028225,42.8290186600894,86.1614555237005,45.9519302000932,69.0115745158345,50.6480113481091,70.6944221401519,48.3001674085253,74.821775446651,"Mon",42.419772,48.715327710819,36.7133979919563,64.1646734877386,40.3075065755177,51.1700398063977,42.0556312066534,54.9540211973934,43.7398755355105,58.7399512618242,NA,NA,NA,NA,NA,NA,NA,NA,NA,NA
"101",2025-11-18,81.917552,68.5639510631471,47.7929131605007,94.292979306474,49.7060595688103,71.257618807364,54.865031553171,69.9617513447832,52.7868912630929,73.3204137860752,"Tue",55.957464,64.8512100028225,42.8290186600894,86.1614555237005,45.9519302000932,69.0115745158345,50.6480113481091,70.6944221401519,48.3001674085253,74.821775446651,NA,NA,NA,NA,NA,NA,NA,NA,NA,NA
"102",2025-11-19,73.687917,74.4811545132713,51.534918740346,92.8482756030648,54.4484702543904,68.7566747076382,58.2919490919463,75.2768294025086,57.6893055970128,71.8137068335616,"Wed",81.917552,68.5639510631471,47.7929131605007,94.292979306474,49.7060595688103,71.257618807364,54.865031553171,69.9617513447832,52.7868912630929,73.3204137860752,NA,NA,NA,NA,NA,NA,NA,NA,NA,NA
"103",2025-11-20,76.898555,66.0027335582859,49.7636537229078,89.2023861074829,53.5881690956752,65.2674147875059,59.0401858531411,69.1783522854136,58.3919114121397,67.2336636405604,"Thu",73.687917,74.4811545132713,51.534918740346,92.8482756030648,54.4484702543904,68.7566747076382,58.2919490919463,75.2768294025086,57.6893055970128,71.8137068335616,NA,NA,NA,NA,NA,NA,NA,NA,NA,NA
"104",2025-11-21,65.070979,63.7794498339792,50.7859580932081,81.0792168235452,53.4129487277123,61.2569253152302,55.6877034016263,64.3378677428699,57.9119655467586,62.1641937875976,"Fri",76.898555,66.0027335582859,49.7636537229078,89.2023861074829,53.5881690956752,65.2674147875059,59.0401858531411,69.1783522854136,58.3919114121397,67.2336636405604,NA,NA,NA,NA,NA,NA,NA,NA,NA,NA
"105",2025-11-22,47.970047,55.1960766372003,43.6621869078776,72.1208399967066,48.9642272829669,54.7122264606718,49.1169811868293,57.0365072668215,53.1662772682515,57.9629420385643,"Sat",65.070979,63.7794498339792,50.7859580932081,81.0792168235452,53.4129487277123,61.2569253152302,55.6877034016263,64.3378677428699,57.9119655467586,62.1641937875976,NA,NA,NA,NA,NA,NA,NA,NA,NA,NA
"106",2025-11-23,42.874953,50.1341733236144,40.9036170109592,64.161164088594,43.4015739895457,48.5232812467199,44.6019969582499,51.1160239751677,47.1512171727832,55.3328278105943,"Sun",47.970047,55.1960766372003,43.6621869078776,72.1208399967066,48.9642272829669,54.7122264606718,49.1169811868293,57.0365072668215,53.1662772682515,57.9629420385643,45.4225,52.6651249804074,42.2829019594184,68.1410020426503,46.1829006362563,51.6177538536958,46.8594890725396,54.0762656209946,50.1587472205174,56.6478849245793
"107",2025-11-24,48.887928,59.0660945253866,46.9191495977134,74.378843952712,49.1280698915776,58.5339068885252,53.3244455905462,61.8931936708409,52.5961135912187,64.4205885013317,"Mon",42.874953,50.1341733236144,40.9036170109592,64.161164088594,43.4015739895457,48.5232812467199,44.6019969582499,51.1160239751677,47.1512171727832,55.3328278105943,NA,NA,NA,NA,NA,NA,NA,NA,NA,NA
"108",2025-11-25,49.594208,57.7677448433143,45.9936020607279,78.2926992487064,48.2346885073387,59.0750309268346,50.8759921567147,59.0147755713278,49.3097874883297,60.9763565677017,"Tue",48.887928,59.0660945253866,46.9191495977134,74.378843952712,49.1280698915776,58.5339068885252,53.3244455905462,61.8931936708409,52.5961135912187,64.4205885013317,NA,NA,NA,NA,NA,NA,NA,NA,NA,NA
"109",2025-11-26,37.990208,41.4167061625601,36.4699655100555,54.9026750826753,36.6695248329936,44.4210755224734,38.0625296745885,44.9583693292613,38.2989368403035,47.4524626311272,"Wed",49.594208,57.7677448433143,45.9936020607279,78.2926992487064,48.2346885073387,59.0750309268346,50.8759921567147,59.0147755713278,49.3097874883297,60.9763565677017,NA,NA,NA,NA,NA,NA,NA,NA,NA,NA
"110",2025-11-27,40.022892,40.7265686006399,37.9088784915875,58.7368830738562,36.5295453524871,45.0189123720859,37.8151884971879,45.4467349594642,36.6750630070053,47.6061079933451,"Thu",37.990208,41.4167061625601,36.4699655100555,54.9026750826753,36.6695248329936,44.4210755224734,38.0625296745885,44.9583693292613,38.2989368403035,47.4524626311272,NA,NA,NA,NA,NA,NA,NA,NA,NA,NA
"111",2025-11-28,51.140513,52.7819760221492,42.0772077374591,72.6886873316828,44.1810277411846,63.9450077683405,45.7297773609692,62.8879343141425,46.4144057569911,62.0650731536267,"Fri",40.022892,40.7265686006399,37.9088784915875,58.7368830738562,36.5295453524871,45.0189123720859,37.8151884971879,45.4467349594642,36.6750630070053,47.6061079933451,NA,NA,NA,NA,NA,NA,NA,NA,NA,NA
"112",2025-11-29,46.690581,52.1443957219793,41.259571212187,69.9793897284557,44.3404480120476,58.5317102414222,43.0606083172434,58.1088723806432,45.5842157518393,55.6119469448252,"Sat",51.140513,52.7819760221492,42.0772077374591,72.6886873316828,44.1810277411846,63.9450077683405,45.7297773609692,62.8879343141425,46.4144057569911,62.0650731536267,NA,NA,NA,NA,NA,NA,NA,NA,NA,NA
"113",2025-11-30,48.940835,49.4167399352954,40.3419909143094,60.4742723652766,42.5774875531535,54.1737377380828,43.0178263482363,54.3183114752435,44.5175232737739,52.3698226067252,"Sun",46.690581,52.1443957219793,41.259571212187,69.9793897284557,44.3404480120476,58.5317102414222,43.0606083172434,58.1088723806432,45.5842157518393,55.6119469448252,47.815708,50.7805678286373,40.8007810632482,65.2268310468662,43.4589677826006,56.3527239897525,43.0392173327399,56.2135919279433,45.0508695128066,53.9908847757752
"114",2025-12-01,75.307485,66.9065733134298,49.4077003070185,93.5482789247658,50.7253259154761,86.4269958093813,55.751889584388,81.3188092086703,59.1440684004586,76.4542972303444,"Mon",48.940835,49.4167399352954,40.3419909143094,60.4742723652766,42.5774875531535,54.1737377380828,43.0178263482363,54.3183114752435,44.5175232737739,52.3698226067252,NA,NA,NA,NA,NA,NA,NA,NA,NA,NA
"115",2025-12-02,84.777529,80.1748024909335,58.2961905628125,110.398135120526,59.664979910971,98.2263592999253,61.9444215406656,90.9875623066029,70.9229661507116,88.0522341742695,"Tue",75.307485,66.9065733134298,49.4077003070185,93.5482789247658,50.7253259154761,86.4269958093813,55.751889584388,81.3188092086703,59.1440684004586,76.4542972303444,NA,NA,NA,NA,NA,NA,NA,NA,NA,NA
"116",2025-12-03,69.032163,84.3746797927149,54.0926299132475,113.203368836259,62.6169192244386,93.3203646529235,68.008878832473,99.0891238994493,71.0317703269624,87.6427459141163,"Wed",84.777529,80.1748024909335,58.2961905628125,110.398135120526,59.664979910971,98.2263592999253,61.9444215406656,90.9875623066029,70.9229661507116,88.0522341742695,NA,NA,NA,NA,NA,NA,NA,NA,NA,NA
"117",2025-12-04,78.194137,76.3557253364753,53.9952984598779,112.466794771614,59.7374700337602,93.2185125893463,63.720235663507,97.703990326421,65.59166269318,81.7272388031717,"Thu",69.032163,84.3746797927149,54.0926299132475,113.203368836259,62.6169192244386,93.3203646529235,68.008878832473,99.0891238994493,71.0317703269624,87.6427459141163,NA,NA,NA,NA,NA,NA,NA,NA,NA,NA
"118",2025-12-05,101.042311,104.527091673181,58.8335249341854,129.524674727657,63.1182183469631,112.574540330775,68.9285430678012,115.4027157692,75.4233776392831,104.986937007942,"Fri",78.194137,76.3557253364753,53.9952984598779,112.466794771614,59.7374700337602,93.2185125893463,63.720235663507,97.703990326421,65.59166269318,81.7272388031717,NA,NA,NA,NA,NA,NA,NA,NA,NA,NA
"119",2025-12-06,66.563086,69.3787937789576,50.5923212804949,95.4607813330947,58.4789811689899,71.235511427005,60.8253586782373,73.7124089277247,65.7512734423827,70.4180908029652,"Sat",101.042311,104.527091673181,58.8335249341854,129.524674727657,63.1182183469631,112.574540330775,68.9285430678012,115.4027157692,75.4233776392831,104.986937007942,NA,NA,NA,NA,NA,NA,NA,NA,NA,NA
"120",2025-12-07,87.786232,61.4670426042396,49.4710101893454,86.5610779905666,57.4853658635358,69.8679555095541,60.4681597039038,68.5712977679694,62.7958833836434,63.3358545041118,"Sun",66.563086,69.3787937789576,50.5923212804949,95.4607813330947,58.4789811689899,71.235511427005,60.8253586782373,73.7124089277247,65.7512734423827,70.4180908029652,77.174659,65.4229181915986,50.0316657349202,91.0109296618306,57.9821735162629,70.5517334682796,60.6467591910705,71.141853347847,64.2735784130131,66.8769726535385
"121",2025-12-08,135.383984,107.584235382968,58.8765448070959,138.968120778582,63.4974122074283,127.098622517206,68.5620129660304,130.438428576506,74.2601221147405,118.914287611286,"Mon",87.786232,61.4670426042396,49.4710101893454,86.5610779905666,57.4853658635358,69.8679555095541,60.4681597039038,68.5712977679694,62.7958833836434,63.3358545041118,NA,NA,NA,NA,NA,NA,NA,NA,NA,NA
"122",2025-12-09,132.851461,109.437517834049,57.9026131384248,153.616026381081,68.1985355012699,123.841956070535,74.4411475605944,128.927553153212,78.6668717455621,113.577690155041,"Tue",135.383984,107.584235382968,58.8765448070959,138.968120778582,63.4974122074283,127.098622517206,68.5620129660304,130.438428576506,74.2601221147405,118.914287611286,NA,NA,NA,NA,NA,NA,NA,NA,NA,NA
"123",2025-12-10,86.509105,70.6536225808048,50.5839361405688,112.554783396151,57.4861657587875,81.6360556066579,61.1215131542128,84.5482272089605,61.6390250255359,72.4798056310616,"Wed",132.851461,109.437517834049,57.9026131384248,153.616026381081,68.1985355012699,123.841956070535,74.4411475605944,128.927553153212,78.6668717455621,113.577690155041,NA,NA,NA,NA,NA,NA,NA,NA,NA,NA
"124",2025-12-11,101.762364,69.6093494927809,50.0866097789601,110.059287721285,55.2960430646152,87.8541242507362,57.1716046559246,86.7215796855011,59.3079913600781,77.8614536429716,"Thu",86.509105,70.6536225808048,50.5839361405688,112.554783396151,57.4861657587875,81.6360556066579,61.1215131542128,84.5482272089605,61.6390250255359,72.4798056310616,NA,NA,NA,NA,NA,NA,NA,NA,NA,NA
"125",2025-12-12,104.290069,90.1914606477892,51.1273698970389,143.264406237099,58.9701452743006,108.517352037423,64.5368913237225,106.810357157328,63.986500496385,96.9429399474096,"Fri",101.762364,69.6093494927809,50.0866097789601,110.059287721285,55.2960430646152,87.8541242507362,57.1716046559246,86.7215796855011,59.3079913600781,77.8614536429716,NA,NA,NA,NA,NA,NA,NA,NA,NA,NA
"126",2025-12-13,64.983009,63.98599827902,50.6387856747788,94.3363221706324,57.2950849911779,72.2839541918987,56.1848849081431,72.8158908072525,61.4330501461782,66.9133515634932,"Sat",104.290069,90.1914606477892,51.1273698970389,143.264406237099,58.9701452743006,108.517352037423,64.5368913237225,106.810357157328,63.986500496385,96.9429399474096,NA,NA,NA,NA,NA,NA,NA,NA,NA,NA
"127",2025-12-14,108.144044,78.9099361549216,51.1098570329397,121.556951895466,57.7403047379993,107.543581577735,58.9095782268596,97.2037998126308,64.7539235254429,95.3349961379915,"Sun",64.983009,63.98599827902,50.6387856747788,94.3363221706324,57.2950849911779,72.2839541918987,56.1848849081431,72.8158908072525,61.4330501461782,66.9133515634932,86.5635265,71.4479672169708,50.8743213538593,107.946637033049,57.5176948645886,89.913767884817,57.5472315675014,85.0098453099417,63.0934868358106,81.1241738507424
"128",2025-12-15,139.026913,103.005868355246,54.7187747151325,153.53117991134,64.7346468896465,125.158986625693,70.7277212572062,115.545553583802,72.2181186690645,116.832426391057,"Mon",108.144044,78.9099361549216,51.1098570329397,121.556951895466,57.7403047379993,107.543581577735,58.9095782268596,97.2037998126308,64.7539235254429,95.3349961379915,NA,NA,NA,NA,NA,NA,NA,NA,NA,NA
"129",2025-12-16,84.76448,80.3398173549475,48.9838441336681,131.854095416398,58.5177012801066,95.7422139264932,65.4903331950745,90.6513282628249,62.090744721596,91.7454316363396,"Tue",139.026913,103.005868355246,54.7187747151325,153.53117991134,64.7346468896465,125.158986625693,70.7277212572062,115.545553583802,72.2181186690645,116.832426391057,NA,NA,NA,NA,NA,NA,NA,NA,NA,NA
"130",2025-12-17,59.199928,48.7805584899791,38.3972401239679,79.368118450125,43.2177669704507,66.2956123927375,42.8030986618336,62.0068214024612,42.0994394442511,61.1282914431308,"Wed",84.76448,80.3398173549475,48.9838441336681,131.854095416398,58.5177012801066,95.7422139264932,65.4903331950745,90.6513282628249,62.090744721596,91.7454316363396,NA,NA,NA,NA,NA,NA,NA,NA,NA,NA
"131",2025-12-18,46.353044,45.8088472203209,35.5548777239255,66.3632566725105,38.5294267549963,57.6706618476229,37.8295583428142,52.8851638753589,38.6261516525345,51.7322119717693,"Thu",59.199928,48.7805584899791,38.3972401239679,79.368118450125,43.2177669704507,66.2956123927375,42.8030986618336,62.0068214024612,42.0994394442511,61.1282914431308,NA,NA,NA,NA,NA,NA,NA,NA,NA,NA
"132",2025-12-19,48.313202,46.1304111431117,36.6197933612265,79.8915172234615,39.4387672961019,62.8156045717975,41.3375990180196,58.0018067073217,39.1685108767746,55.6136172998492,"Fri",46.353044,45.8088472203209,35.5548777239255,66.3632566725105,38.5294267549963,57.6706618476229,37.8295583428142,52.8851638753589,38.6261516525345,51.7322119717693,NA,NA,NA,NA,NA,NA,NA,NA,NA,NA
"133",2025-12-20,41.79732,47.3028528931856,31.7575574989374,81.2023566634138,36.6874722980414,57.5073165448607,35.3382562289767,53.5855627168713,38.3462666568817,53.1297039155974,"Sat",48.313202,46.1304111431117,36.6197933612265,79.8915172234615,39.4387672961019,62.8156045717975,41.3375990180196,58.0018067073217,39.1685108767746,55.6136172998492,NA,NA,NA,NA,NA,NA,NA,NA,NA,NA
"134",2025-12-21,40.821328,43.8139632209132,32.4839557443471,77.203430202194,36.3300596714323,60.3260537869958,37.1205569876203,55.2002666985791,37.3163349507115,52.7849330285624,"Sun",41.79732,47.3028528931856,31.7575574989374,81.2023566634138,36.6874722980414,57.5073165448607,35.3382562289767,53.5855627168713,38.3462666568817,53.1297039155974,41.309324,45.5584080570494,32.1207566216422,79.2028934328039,36.5087659847369,58.9166851659283,36.2294066082985,54.3929147077252,37.8313008037966,52.9573184720799
"135",2025-12-22,82.297726,51.2559634164258,34.5485921903791,81.87240529283,38.5960947987829,64.136998543729,38.9765130022777,55.7969922499517,39.5270380290747,55.8453522984493,"Mon",40.821328,43.8139632209132,32.4839557443471,77.203430202194,36.3300596714323,60.3260537869958,37.1205569876203,55.2002666985791,37.3163349507115,52.7849330285624,NA,NA,NA,NA,NA,NA,NA,NA,NA,NA
"136",2025-12-23,44.6305,47.2822926542821,34.9278997370627,83.5488651113909,38.7865141673871,59.8658469848838,37.9077516127892,54.0579433948475,37.9243671635151,54.9375637793175,"Tue",82.297726,51.2559634164258,34.5485921903791,81.87240529283,38.5960947987829,64.136998543729,38.9765130022777,55.7969922499517,39.5270380290747,55.8453522984493,NA,NA,NA,NA,NA,NA,NA,NA,NA,NA
"137",2025-12-24,43.417007,29.7995249168819,18.8476361981256,47.51975488012,23.7984738788402,39.8234657255804,25.441048592907,35.3552142301468,26.4672503025703,38.3738006570519,"Wed",44.6305,47.2822926542821,34.9278997370627,83.5488651113909,38.7865141673871,59.8658469848838,37.9077516127892,54.0579433948475,37.9243671635151,54.9375637793175,NA,NA,NA,NA,NA,NA,NA,NA,NA,NA
"138",2025-12-25,33.119699,25.9871353085784,18.0158912113415,43.805357290072,21.281611734283,35.9375049681466,23.0266709501005,30.8836690957018,22.9904262909894,32.7947075672751,"Thu",43.417007,29.7995249168819,18.8476361981256,47.51975488012,23.7984738788402,39.8234657255804,25.441048592907,35.3552142301468,26.4672503025703,38.3738006570519,NA,NA,NA,NA,NA,NA,NA,NA,NA,NA
"139",2025-12-26,55.492902,41.9451865953353,31.181975940443,81.853019645285,35.7343445761129,68.8993529754282,35.9374978194927,54.3385204418551,36.5794540672428,53.9489252651553,"Fri",33.119699,25.9871353085784,18.0158912113415,43.805357290072,21.281611734283,35.9375049681466,23.0266709501005,30.8836690957018,22.9904262909894,32.7947075672751,NA,NA,NA,NA,NA,NA,NA,NA,NA,NA
"140",2025-12-27,47.861455,33.8592759949403,28.9145658489979,57.3009498144918,32.6206341820909,43.8631235818369,31.7200757731328,39.235067396071,33.5484917833216,40.6661491442434,"Sat",55.492902,41.9451865953353,31.181975940443,81.853019645285,35.7343445761129,68.8993529754282,35.9374978194927,54.3385204418551,36.5794540672428,53.9489252651553,NA,NA,NA,NA,NA,NA,NA,NA,NA,NA
"141",2025-12-28,42.839448,30.9554675247418,23.6409507387047,48.4788904089059,29.1466149730056,41.4730593271348,29.837222405389,36.4748694989364,28.6821462896373,37.8783658213504,"Sun",47.861455,33.8592759949403,28.9145658489979,57.3009498144918,32.6206341820909,43.8631235818369,31.7200757731328,39.235067396071,33.5484917833216,40.6661491442434,45.3504515,32.407371759841,26.2777582938513,52.8899201116988,30.8836245775482,42.6680914544859,30.7786490892609,37.8549684475037,31.1153190364794,39.2722574827969
"142",2025-12-29,38.605126,41.391112845739,28.5206460470968,73.0006750254915,32.942343272538,63.3711131909716,34.539433000882,48.2591568049552,35.9108181788447,55.2418075786882,"Mon",42.839448,30.9554675247418,23.6409507387047,48.4788904089059,29.1466149730056,41.4730593271348,29.837222405389,36.4748694989364,28.6821462896373,37.8783658213504,NA,NA,NA,NA,NA,NA,NA,NA,NA,NA
"143",2025-12-30,61.103046,55.4213677701258,39.4047764644912,111.739210708259,46.6785748133975,105.260443912569,44.0240262500096,81.8997822733398,46.5408149304713,75.0765010035738,"Tue",38.605126,41.391112845739,28.5206460470968,73.0006750254915,32.942343272538,63.3711131909716,34.539433000882,48.2591568049552,35.9108181788447,55.2418075786882,NA,NA,NA,NA,NA,NA,NA,NA,NA,NA
"144",2025-12-31,55.428272,57.8095769580267,45.4356152058036,92.4112166188057,52.7794062880286,80.2168376543808,49.1321337231667,71.01538774718,50.8989220503521,68.590445857775,"Wed",61.103046,55.4213677701258,39.4047764644912,111.739210708259,46.6785748133975,105.260443912569,44.0240262500096,81.8997822733398,46.5408149304713,75.0765010035738,NA,NA,NA,NA,NA,NA,NA,NA,NA,NA
"145",2026-01-01,NA,52.8792905230178,42.0701865505258,78.6886347014527,48.1711470748074,72.8174020198467,46.9661259023192,64.818166023708,53.3844077738101,63.1298808062498,"Thu",55.428272,57.8095769580267,45.4356152058036,92.4112166188057,52.7794062880286,80.2168376543808,49.1321337231667,71.01538774718,50.8989220503521,68.590445857775,NA,NA,NA,NA,NA,NA,NA,NA,NA,NA
"146",2026-01-02,NA,47.7883125627813,40.0752450704803,69.0990548446821,44.7732472800532,61.7142401766301,40.0032546219276,55.64292167378,47.3832543334849,56.4138773134254,"Fri",NA,52.8792905230178,42.0701865505258,78.6886347014527,48.1711470748074,72.8174020198467,46.9661259023192,64.818166023708,53.3844077738101,63.1298808062498,NA,NA,NA,NA,NA,NA,NA,NA,NA,NA
"147",2026-01-03,NA,38.6479579289836,32.8330592617996,52.4765864198743,34.5624764991977,49.0794027232418,35.6861033152437,44.5423517288356,38.1491601846569,46.4494637505978,"Sat",NA,47.7883125627813,40.0752450704803,69.0990548446821,44.7732472800532,61.7142401766301,40.0032546219276,55.64292167378,47.3832543334849,56.4138773134254,NA,NA,NA,NA,NA,NA,NA,NA,NA,NA
"148",2026-01-04,NA,37.7564448169565,33.1975840351043,66.1922364042942,37.3456427134677,55.4672994296584,35.818533836152,45.8968870107583,37.2850973801528,44.5518857693707,"Sun",NA,38.6479579289836,32.8330592617996,52.4765864198743,34.5624764991977,49.0794027232418,35.6861033152437,44.5423517288356,38.1491601846569,46.4494637505978,NA,38.20220137297,33.015321648452,59.3344114120843,35.9540596063327,52.2733510764501,35.7523185756979,45.2196193697969,37.7171287824049,45.5006747599843
"149",2026-01-05,NA,36.2260619476179,30.7830053917952,75.3327756281275,34.6778835171039,66.0214888567198,32.4186182722127,49.9089834176206,33.7414748351089,45.1942352547518,"Mon",NA,37.7564448169565,33.1975840351043,66.1922364042942,37.3456427134677,55.4672994296584,35.818533836152,45.8968870107583,37.2850973801528,44.5518857693707,NA,NA,NA,NA,NA,NA,NA,NA,NA,NA
"150",2026-01-06,NA,33.4229192215305,25.7532690513911,63.8165331803001,28.5848195117873,48.705692379894,29.3682102418149,40.4756756277528,32.6561864477936,40.5919765614387,"Tue",NA,36.2260619476179,30.7830053917952,75.3327756281275,34.6778835171039,66.0214888567198,32.4186182722127,49.9089834176206,33.7414748351089,45.1942352547518,NA,NA,NA,NA,NA,NA,NA,NA,NA,NA
